Nombre;Mail;Localidad;Fecha;Extra;Archivo
Nombre;test@test.com;test;;;phone2017-02-13-12-34-53.png;
test;test@test.com;test;;;phone2017-02-13-12-33-08.png;
gg rr;g@n.v;www;15/02/2017 06:30:48 p.m.;;phone2017-02-15-06-30-45.png;
xx r;c@yahoo.com;r;16/02/2017 11:21:26 a.m.;;phone2017-02-16-11-12-15.png;
gg ee;tt@h.j;ee;16/02/2017 11:22:03 a.m.;;phone2017-02-16-11-21-56.png;
vv dd;b@yahoo.com;t;16/02/2017 11:28:48 a.m.;;phone2017-02-16-11-28-42.png;
y r;g@yahoo.com;t;16/02/2017 11:34:13 a.m.;;phone2017-02-16-11-34-05.png;
y g;j@yahoo.com;h;16/02/2017 11:39:12 a.m.;;phone2017-02-16-11-39-06.png;
r t;nn@outlook.com;y;16/02/2017 11:40:15 a.m.;;phone2017-02-16-11-40-07.png;
c f;yy@gmail.com;w;16/02/2017 11:42:07 a.m.; xxxc;phone2017-02-16-11-42-00.png;
c r;y@outlook.com;f;16/02/2017 04:00:15 p.m.;;phone2017-02-16-04-00-10.jpg;
h i;t@outlook.com;c;16/02/2017 04:01:42 p.m.;;phone2017-02-16-04-01-39.jpg;
